"Strategic Business & Financial Services",10
"Business Support",11
"Budget & Finance",11
"Information Technology & Business Transformation",11
"Strategic Management Services",11
"Service System Planning & Policy Development",10
"Program & Policy Development",11
"Risk Management & Accountability",11
"Quality & Capacity Building",11
"Asset Management",11
"District Operations",10
"East District",11
"North District",11
"Contract & Financial Management",11
"South District",11
"Special Services",11
"West District",11
"Application & Enquiry",11
"Child Care Funding Model Project & Provincial Wage Enhancement",11
"Centralized Consultants",11
"Toronto Early Learning & Child Care Services",10
"Toronto Home Child Care",11
"Early Learning & Child Care Centres",11
