"Corporate Information Management Services",9
"Corporate Information Strategy and Policy",1
"Privacy and Open Information",1
"Policy and Standards",1
"Information Access",9
"Access and Privacy",1
"Toronto Employment & Social Services Access and Privacy",1
"Archival Services",1
"Enterprise Document/Records Management Solution (EDRMS)",12
"Records Centres",1
"Records Services",1
"Information Production",1
"Design Services",12
"Print Production",12
"Pre-Press",12
"High Speed Copy & Mail",12
"Copy Centres",12
"Mail Rooms",12
"Strategic Integration & Excellence",9
"Council & Support Services",1
"Council Support ",12
"City Clerkâ€™s Office Support",12
"Council Reception",12
"Financial Planning and Reporting",1
"Business and Technology Planning",1
"Technology Planning",12
"Business Planning",12
"Election Services",9
"Election Services",1
"Gaming Services",1
"Strategic Protocol and External Relations",9
"Strategic Protocol",1
"Documents",1
"Secretariat",9
"City Council and By-laws",1
"Community Councils and Registry Services",1
"Etobicoke Civic Centre",12
"North York Civic Centre",12
"Scarborough Civic Centre",12
"Toronto and East York Community Council",12
"Registry Services",12
"Committees & Boards",1
"Public Appointments",1
"Legislative Information & Standards",1
