"Arts & Culture Services",11
"Arts Services",2
"Etobicoke Civic Centre",12
"The Assembly Hall",12
"Scarborough Civic Centre",12
"Cedar Ridge Creative Centre & Art Gallery",12
"City Cultural Events",2
"Administrative Services",12
"Production",12
"Programming",12
"Cultural Partnerships",2
"Business Growth Services",11
"Business Improvement Areas",2
"Business Retention & Expansion",2
"North Office",12
"West Office",12
"East Office",12
"South Office",12
"Entrepreneurship Services",2
"Downtown Office",12
"North Office",12
"East Office",12
"Sector Development",2
"Film & Entertainment Industries",11
"Sector Development",2
"Event Support",2
"Film & Television and Digital Media Office",2
"Tourism Services",2
"Museums & Heritage Services",11
"Capital Assets",12
"Heritage Facilities Maintenance",2
"Collections & Curatorial",2
"Collections & Conservation",12
"Collections & Outreach",12
"Fort York National Historic Site",12
"Museums",2
"Gibson House Museum",12
"Historic Zion Schoolhouse",12
"Montgomeryâ€™s Inn",12
"Colborne Lodge",12
"Mackenzie House",12
"Spadina Museum",12
"Scarborough Historical Museum",12
"Todmorden Mills Museum & Arts Centre",12
"York Museum",12
"Program Support",11
"Finance & Administration",2
"Marketing",2
"Program Development",12
"Sponsorship",2
"Policy Development",2
"Research & Information Systems",2
